cahlcfk@yahoo.com,ClientDashboard,18b5a6fe-afc2-11eb-a2aa-82bbbca39401
cahlcfk@yahoo.com,Mojo,allkgia
cahlcfk@yahoo.com,MojoGo,18b5a578-afc2-11eb-a2aa-82bbbca39401
cahlcfk@yahoo.com,ClientDashboard,18b5a410-afc2-11eb-a2aa-82bbbca39401
cahlcfk@yahoo.com,Mojo,dieacji
cahlcfk@yahoo.com,ClientDashboard,18b5a60e-afc2-11eb-a2aa-82bbbca39401
cahlcfk@yahoo.com,MojoGo,18b5a60e-afc2-11eb-a2aa-82bbbca39401
cahlcfk@yahoo.com,Mojo,iihdbjg
cahlcfk@yahoo.com,MojoGo,18b5a6a4-afc2-11eb-a2aa-82bbbca39401
cahlcfk@yahoo.com,Mojo,hjljjgi
cahlcfk@yahoo.com,Mojo,ceflfla
cahlcfk@yahoo.com,MojoGo,18b5a6cc-afc2-11eb-a2aa-82bbbca39401
cahlcfk@yahoo.com,ClientDashboard,18b5a578-afc2-11eb-a2aa-82bbbca39401
cahlcfk@yahoo.com,MojoGo,18b5a672-afc2-11eb-a2aa-82bbbca39401
cahlcfk@yahoo.com,Mojo,gbkegki
cahlcfk@yahoo.com,ClientDashboard,18b5a640-afc2-11eb-a2aa-82bbbca39401
cahlcfk@yahoo.com,MojoGo,18b5a640-afc2-11eb-a2aa-82bbbca39401
cahlcfk@yahoo.com,ClientDashboard,18b5a5d2-afc2-11eb-a2aa-82bbbca39401
cahlcfk@yahoo.com,MojoGo,18b5a6fe-afc2-11eb-a2aa-82bbbca39401
cahlcfk@yahoo.com,Mojo,acbfjec
cahlcfk@yahoo.com,MojoGo,18b5a5d2-afc2-11eb-a2aa-82bbbca39401
cahlcfk@yahoo.com,Mojo,khlbafh
cahlcfk@yahoo.com,ClientDashboard,18b5a672-afc2-11eb-a2aa-82bbbca39401
cahlcfk@yahoo.com,MojoGo,18b5a730-afc2-11eb-a2aa-82bbbca39401
hlileia@mail.kz,MojoGo,18b5a60e-afc2-11eb-a2aa-82bbbca39401
hlileia@mail.kz,MojoGo,18b5a672-afc2-11eb-a2aa-82bbbca39401
hlileia@mail.kz,MojoGo,18b5a410-afc2-11eb-a2aa-82bbbca39401
hlileia@mail.kz,ClientDashboard,18b5a578-afc2-11eb-a2aa-82bbbca39401
hlileia@mail.kz,ClientDashboard,18b5a672-afc2-11eb-a2aa-82bbbca39401
hlileia@mail.kz,ClientDashboard,18b5a6cc-afc2-11eb-a2aa-82bbbca39401
hlileia@mail.kz,ClientDashboard,18b5a6fe-afc2-11eb-a2aa-82bbbca39401
hlileia@mail.kz,MojoGo,18b5a6a4-afc2-11eb-a2aa-82bbbca39401
hlileia@mail.kz,Mojo,dieacji
hlileia@mail.kz,Mojo,allkgia
hlileia@mail.kz,MojoGo,18b5a6cc-afc2-11eb-a2aa-82bbbca39401
hlileia@mail.kz,Mojo,gbkegki
hlileia@mail.kz,MojoGo,18b5a730-afc2-11eb-a2aa-82bbbca39401
hlileia@mail.kz,Mojo,hjljjgi
hlileia@mail.kz,MojoGo,18b5a5d2-afc2-11eb-a2aa-82bbbca39401
hlileia@mail.kz,ClientDashboard,18b5a730-afc2-11eb-a2aa-82bbbca39401
hlileia@mail.kz,Mojo,acbfjec
hlileia@mail.kz,Mojo,ceflfla
hlileia@mail.kz,Mojo,ejkhgca
hlileia@mail.kz,ClientDashboard,18b5a60e-afc2-11eb-a2aa-82bbbca39401
hlileia@mail.kz,Mojo,iihdbjg
hlileia@mail.kz,ClientDashboard,18b5a640-afc2-11eb-a2aa-82bbbca39401
hlileia@mail.kz,MojoGo,18b5a640-afc2-11eb-a2aa-82bbbca39401
hlileia@mail.kz,ClientDashboard,18b5a5d2-afc2-11eb-a2aa-82bbbca39401
hlileia@mail.kz,MojoGo,18b5a578-afc2-11eb-a2aa-82bbbca39401
hlileia@mail.kz,ClientDashboard,18b5a410-afc2-11eb-a2aa-82bbbca39401
hlileia@mail.kz,ClientDashboard,18b5a6a4-afc2-11eb-a2aa-82bbbca39401
hlileia@mail.kz,Mojo,khlbafh
hlileia@mail.kz,Mojo,kbaiabb
iebbjij@mail.kz,ClientDashboard,18b5a672-afc2-11eb-a2aa-82bbbca39401
iebbjij@mail.kz,ClientDashboard,18b5a6fe-afc2-11eb-a2aa-82bbbca39401
iebbjij@mail.kz,ClientDashboard,18b5a5d2-afc2-11eb-a2aa-82bbbca39401
iebbjij@mail.kz,Mojo,acbfjec
iebbjij@mail.kz,MojoGo,18b5a6cc-afc2-11eb-a2aa-82bbbca39401
iebbjij@mail.kz,MojoGo,18b5a578-afc2-11eb-a2aa-82bbbca39401
iebbjij@mail.kz,Mojo,ejkhgca
iebbjij@mail.kz,ClientDashboard,18b5a410-afc2-11eb-a2aa-82bbbca39401
iebbjij@mail.kz,Mojo,dieacji
iebbjij@mail.kz,Mojo,khlbafh
iebbjij@mail.kz,MojoGo,18b5a410-afc2-11eb-a2aa-82bbbca39401
iebbjij@mail.kz,Mojo,kbaiabb
iebbjij@mail.kz,Mojo,iihdbjg
iebbjij@mail.kz,Mojo,allkgia
iebbjij@mail.kz,ClientDashboard,18b5a640-afc2-11eb-a2aa-82bbbca39401
iebbjij@mail.kz,ClientDashboard,18b5a60e-afc2-11eb-a2aa-82bbbca39401
iebbjij@mail.kz,MojoGo,18b5a730-afc2-11eb-a2aa-82bbbca39401
iebbjij@mail.kz,ClientDashboard,18b5a6cc-afc2-11eb-a2aa-82bbbca39401
iebbjij@mail.kz,Mojo,hjljjgi
iebbjij@mail.kz,ClientDashboard,18b5a730-afc2-11eb-a2aa-82bbbca39401
iebbjij@mail.kz,MojoGo,18b5a6fe-afc2-11eb-a2aa-82bbbca39401
iebbjij@mail.kz,Mojo,gbkegki
iebbjij@mail.kz,ClientDashboard,18b5a6a4-afc2-11eb-a2aa-82bbbca39401
iebbjij@mail.kz,Mojo,ceflfla
iebbjij@mail.kz,MojoGo,18b5a672-afc2-11eb-a2aa-82bbbca39401
iebbjij@mail.kz,MojoGo,18b5a60e-afc2-11eb-a2aa-82bbbca39401
gdbleaj@mail.com,ClientDashboard,18b5a6cc-afc2-11eb-a2aa-82bbbca39401
gdbleaj@mail.com,Mojo,gbkegki
gdbleaj@mail.com,Mojo,ejkhgca
gdbleaj@mail.com,Mojo,allkgia
gdbleaj@mail.com,ClientDashboard,18b5a6a4-afc2-11eb-a2aa-82bbbca39401
gdbleaj@mail.com,ClientDashboard,18b5a5d2-afc2-11eb-a2aa-82bbbca39401
gdbleaj@mail.com,ClientDashboard,18b5a578-afc2-11eb-a2aa-82bbbca39401
gdbleaj@mail.com,MojoGo,18b5a410-afc2-11eb-a2aa-82bbbca39401
gdbleaj@mail.com,ClientDashboard,18b5a6fe-afc2-11eb-a2aa-82bbbca39401
gdbleaj@mail.com,MojoGo,18b5a672-afc2-11eb-a2aa-82bbbca39401
gdbleaj@mail.com,Mojo,kbaiabb
gdbleaj@mail.com,MojoGo,18b5a60e-afc2-11eb-a2aa-82bbbca39401
gdbleaj@mail.com,Mojo,acbfjec
kkabgbb@joveo.com,MojoGo,18b5a640-afc2-11eb-a2aa-82bbbca39401
kkabgbb@joveo.com,MojoGo,18b5a5d2-afc2-11eb-a2aa-82bbbca39401
kkabgbb@joveo.com,Mojo,gbkegki
kkabgbb@joveo.com,Mojo,hjljjgi
kkabgbb@joveo.com,Mojo,iihdbjg
kkabgbb@joveo.com,ClientDashboard,18b5a60e-afc2-11eb-a2aa-82bbbca39401
kkabgbb@joveo.com,MojoGo,18b5a730-afc2-11eb-a2aa-82bbbca39401
kkabgbb@joveo.com,ClientDashboard,18b5a5d2-afc2-11eb-a2aa-82bbbca39401
kkabgbb@joveo.com,ClientDashboard,18b5a640-afc2-11eb-a2aa-82bbbca39401
kkabgbb@joveo.com,MojoGo,18b5a60e-afc2-11eb-a2aa-82bbbca39401
kkabgbb@joveo.com,Mojo,khlbafh
kkabgbb@joveo.com,Mojo,kbaiabb
kkabgbb@joveo.com,ClientDashboard,18b5a730-afc2-11eb-a2aa-82bbbca39401
kkabgbb@joveo.com,ClientDashboard,18b5a410-afc2-11eb-a2aa-82bbbca39401
kkabgbb@joveo.com,Mojo,dieacji
kkabgbb@joveo.com,Mojo,allkgia
kkabgbb@joveo.com,MojoGo,18b5a410-afc2-11eb-a2aa-82bbbca39401
kkabgbb@joveo.com,Mojo,ejkhgca
kkabgbb@joveo.com,MojoGo,18b5a672-afc2-11eb-a2aa-82bbbca39401
kkabgbb@joveo.com,Mojo,acbfjec
kkabgbb@joveo.com,ClientDashboard,18b5a672-afc2-11eb-a2aa-82bbbca39401
kkabgbb@joveo.com,MojoGo,18b5a578-afc2-11eb-a2aa-82bbbca39401
kkabgbb@joveo.com,ClientDashboard,18b5a6fe-afc2-11eb-a2aa-82bbbca39401
kkabgbb@joveo.com,MojoGo,18b5a6fe-afc2-11eb-a2aa-82bbbca39401
kkabgbb@joveo.com,ClientDashboard,18b5a6a4-afc2-11eb-a2aa-82bbbca39401
gahkllb@yahoo.com,ClientDashboard,18b5a60e-afc2-11eb-a2aa-82bbbca39401
gahkllb@yahoo.com,MojoGo,18b5a640-afc2-11eb-a2aa-82bbbca39401
gahkllb@yahoo.com,ClientDashboard,18b5a6a4-afc2-11eb-a2aa-82bbbca39401
gahkllb@yahoo.com,ClientDashboard,18b5a6fe-afc2-11eb-a2aa-82bbbca39401
gahkllb@yahoo.com,ClientDashboard,18b5a730-afc2-11eb-a2aa-82bbbca39401
gahkllb@yahoo.com,Mojo,hjljjgi
gahkllb@yahoo.com,ClientDashboard,18b5a410-afc2-11eb-a2aa-82bbbca39401
gahkllb@yahoo.com,MojoGo,18b5a6a4-afc2-11eb-a2aa-82bbbca39401
gahkllb@yahoo.com,MojoGo,18b5a672-afc2-11eb-a2aa-82bbbca39401
gahkllb@yahoo.com,Mojo,ejkhgca
gahkllb@yahoo.com,MojoGo,18b5a5d2-afc2-11eb-a2aa-82bbbca39401
gahkllb@yahoo.com,Mojo,allkgia
gahkllb@yahoo.com,MojoGo,18b5a410-afc2-11eb-a2aa-82bbbca39401
gahkllb@yahoo.com,Mojo,gbkegki
gahkllb@yahoo.com,MojoGo,18b5a578-afc2-11eb-a2aa-82bbbca39401
gahkllb@yahoo.com,MojoGo,18b5a60e-afc2-11eb-a2aa-82bbbca39401
gahkllb@yahoo.com,Mojo,kbaiabb
gahkllb@yahoo.com,ClientDashboard,18b5a672-afc2-11eb-a2aa-82bbbca39401
gahkllb@yahoo.com,Mojo,iihdbjg
gahkllb@yahoo.com,MojoGo,18b5a6fe-afc2-11eb-a2aa-82bbbca39401
gahkllb@yahoo.com,MojoGo,18b5a6cc-afc2-11eb-a2aa-82bbbca39401
gahkllb@yahoo.com,Mojo,khlbafh
gahkllb@yahoo.com,ClientDashboard,18b5a6cc-afc2-11eb-a2aa-82bbbca39401
gahkllb@yahoo.com,MojoGo,18b5a730-afc2-11eb-a2aa-82bbbca39401
aifbihj@aol.com,Mojo,iihdbjg
aifbihj@aol.com,Mojo,ejkhgca
aifbihj@aol.com,ClientDashboard,18b5a5d2-afc2-11eb-a2aa-82bbbca39401
aifbihj@aol.com,ClientDashboard,18b5a672-afc2-11eb-a2aa-82bbbca39401
aifbihj@aol.com,MojoGo,18b5a6a4-afc2-11eb-a2aa-82bbbca39401
aifbihj@aol.com,Mojo,dieacji
aifbihj@aol.com,Mojo,allkgia
aifbihj@aol.com,MojoGo,18b5a5d2-afc2-11eb-a2aa-82bbbca39401
aifbihj@aol.com,MojoGo,18b5a672-afc2-11eb-a2aa-82bbbca39401
aifbihj@aol.com,MojoGo,18b5a6cc-afc2-11eb-a2aa-82bbbca39401
aifbihj@aol.com,MojoGo,18b5a410-afc2-11eb-a2aa-82bbbca39401
aifbihj@aol.com,MojoGo,18b5a730-afc2-11eb-a2aa-82bbbca39401
aifbihj@aol.com,ClientDashboard,18b5a578-afc2-11eb-a2aa-82bbbca39401
aifbihj@aol.com,ClientDashboard,18b5a6a4-afc2-11eb-a2aa-82bbbca39401
aifbihj@aol.com,MojoGo,18b5a60e-afc2-11eb-a2aa-82bbbca39401
aifbihj@aol.com,ClientDashboard,18b5a730-afc2-11eb-a2aa-82bbbca39401
aifbihj@aol.com,MojoGo,18b5a578-afc2-11eb-a2aa-82bbbca39401
aifbihj@aol.com,ClientDashboard,18b5a410-afc2-11eb-a2aa-82bbbca39401
aifbihj@aol.com,Mojo,khlbafh
aifbihj@aol.com,Mojo,kbaiabb
aifbihj@aol.com,ClientDashboard,18b5a640-afc2-11eb-a2aa-82bbbca39401
aifbihj@aol.com,ClientDashboard,18b5a6fe-afc2-11eb-a2aa-82bbbca39401
aifbihj@aol.com,Mojo,ceflfla
ddgkibb@yahoo.com,Mojo,khlbafh
ddgkibb@yahoo.com,Mojo,ceflfla
ddgkibb@yahoo.com,ClientDashboard,18b5a410-afc2-11eb-a2aa-82bbbca39401
ddgkibb@yahoo.com,ClientDashboard,18b5a6fe-afc2-11eb-a2aa-82bbbca39401
ddgkibb@yahoo.com,MojoGo,18b5a6cc-afc2-11eb-a2aa-82bbbca39401
ddgkibb@yahoo.com,Mojo,gbkegki
ddgkibb@yahoo.com,ClientDashboard,18b5a640-afc2-11eb-a2aa-82bbbca39401
ddgkibb@yahoo.com,MojoGo,18b5a730-afc2-11eb-a2aa-82bbbca39401
ddgkibb@yahoo.com,MojoGo,18b5a672-afc2-11eb-a2aa-82bbbca39401
ddgkibb@yahoo.com,ClientDashboard,18b5a672-afc2-11eb-a2aa-82bbbca39401
ddgkibb@yahoo.com,MojoGo,18b5a410-afc2-11eb-a2aa-82bbbca39401
ddgkibb@yahoo.com,ClientDashboard,18b5a6a4-afc2-11eb-a2aa-82bbbca39401
ddgkibb@yahoo.com,Mojo,allkgia
ddgkibb@yahoo.com,ClientDashboard,18b5a6cc-afc2-11eb-a2aa-82bbbca39401
ddgkibb@yahoo.com,ClientDashboard,18b5a60e-afc2-11eb-a2aa-82bbbca39401
ddgkibb@yahoo.com,ClientDashboard,18b5a730-afc2-11eb-a2aa-82bbbca39401
ddgkibb@yahoo.com,MojoGo,18b5a640-afc2-11eb-a2aa-82bbbca39401
ddgkibb@yahoo.com,Mojo,iihdbjg
ddgkibb@yahoo.com,Mojo,dieacji
ddgkibb@yahoo.com,ClientDashboard,18b5a578-afc2-11eb-a2aa-82bbbca39401
ddgkibb@yahoo.com,Mojo,acbfjec
ddgkibb@yahoo.com,MojoGo,18b5a578-afc2-11eb-a2aa-82bbbca39401
ggjhfdh@mail.kz,MojoGo,18b5a6fe-afc2-11eb-a2aa-82bbbca39401
ggjhfdh@mail.kz,Mojo,ejkhgca
ggjhfdh@mail.kz,Mojo,kbaiabb
ggjhfdh@mail.kz,Mojo,ceflfla
ggjhfdh@mail.kz,MojoGo,18b5a730-afc2-11eb-a2aa-82bbbca39401
ggjhfdh@mail.kz,Mojo,dieacji
ggjhfdh@mail.kz,ClientDashboard,18b5a730-afc2-11eb-a2aa-82bbbca39401
ggjhfdh@mail.kz,MojoGo,18b5a578-afc2-11eb-a2aa-82bbbca39401
ggjhfdh@mail.kz,MojoGo,18b5a6a4-afc2-11eb-a2aa-82bbbca39401
ggjhfdh@mail.kz,MojoGo,18b5a640-afc2-11eb-a2aa-82bbbca39401
ggjhfdh@mail.kz,MojoGo,18b5a6cc-afc2-11eb-a2aa-82bbbca39401
ggjhfdh@mail.kz,Mojo,hjljjgi
ggjhfdh@mail.kz,MojoGo,18b5a410-afc2-11eb-a2aa-82bbbca39401
ggjhfdh@mail.kz,ClientDashboard,18b5a6fe-afc2-11eb-a2aa-82bbbca39401
ggjhfdh@mail.kz,MojoGo,18b5a60e-afc2-11eb-a2aa-82bbbca39401
ggjhfdh@mail.kz,ClientDashboard,18b5a6a4-afc2-11eb-a2aa-82bbbca39401
ggjhfdh@mail.kz,Mojo,gbkegki
ggjhfdh@mail.kz,MojoGo,18b5a672-afc2-11eb-a2aa-82bbbca39401
ggjhfdh@mail.kz,ClientDashboard,18b5a640-afc2-11eb-a2aa-82bbbca39401
ggjhfdh@mail.kz,Mojo,allkgia
ggjhfdh@mail.kz,Mojo,iihdbjg
ggjhfdh@mail.kz,ClientDashboard,18b5a5d2-afc2-11eb-a2aa-82bbbca39401
ggjhfdh@mail.kz,ClientDashboard,18b5a6cc-afc2-11eb-a2aa-82bbbca39401
ggjhfdh@mail.kz,ClientDashboard,18b5a60e-afc2-11eb-a2aa-82bbbca39401
ggjhfdh@mail.kz,MojoGo,18b5a5d2-afc2-11eb-a2aa-82bbbca39401
ggjhfdh@mail.kz,ClientDashboard,18b5a578-afc2-11eb-a2aa-82bbbca39401
ggjhfdh@mail.kz,ClientDashboard,18b5a410-afc2-11eb-a2aa-82bbbca39401
ggjhfdh@mail.kz,Mojo,khlbafh
ggjhfdh@mail.kz,ClientDashboard,18b5a672-afc2-11eb-a2aa-82bbbca39401
ggjhfdh@mail.kz,Mojo,acbfjec
jkcakcb@mail.com,ClientDashboard,18b5a60e-afc2-11eb-a2aa-82bbbca39401
jkcakcb@mail.com,ClientDashboard,18b5a640-afc2-11eb-a2aa-82bbbca39401
jkcakcb@mail.com,ClientDashboard,18b5a410-afc2-11eb-a2aa-82bbbca39401
jkcakcb@mail.com,Mojo,kbaiabb
jkcakcb@mail.com,MojoGo,18b5a5d2-afc2-11eb-a2aa-82bbbca39401
jkcakcb@mail.com,MojoGo,18b5a672-afc2-11eb-a2aa-82bbbca39401
jkcakcb@mail.com,MojoGo,18b5a6cc-afc2-11eb-a2aa-82bbbca39401
jkcakcb@mail.com,Mojo,iihdbjg
jkcakcb@mail.com,ClientDashboard,18b5a6cc-afc2-11eb-a2aa-82bbbca39401
jkcakcb@mail.com,ClientDashboard,18b5a672-afc2-11eb-a2aa-82bbbca39401
jkcakcb@mail.com,ClientDashboard,18b5a578-afc2-11eb-a2aa-82bbbca39401
jkcakcb@mail.com,ClientDashboard,18b5a6a4-afc2-11eb-a2aa-82bbbca39401
jkcakcb@mail.com,MojoGo,18b5a640-afc2-11eb-a2aa-82bbbca39401
jkcakcb@mail.com,ClientDashboard,18b5a5d2-afc2-11eb-a2aa-82bbbca39401
jkcakcb@mail.com,MojoGo,18b5a578-afc2-11eb-a2aa-82bbbca39401
jkcakcb@mail.com,Mojo,dieacji
jkcakcb@mail.com,MojoGo,18b5a6a4-afc2-11eb-a2aa-82bbbca39401
jkcakcb@mail.com,MojoGo,18b5a60e-afc2-11eb-a2aa-82bbbca39401
jkcakcb@mail.com,Mojo,acbfjec
jkcakcb@mail.com,Mojo,ceflfla
jkcakcb@mail.com,MojoGo,18b5a410-afc2-11eb-a2aa-82bbbca39401
jkcakcb@mail.com,ClientDashboard,18b5a730-afc2-11eb-a2aa-82bbbca39401
jkcakcb@mail.com,Mojo,hjljjgi
jkcakcb@mail.com,MojoGo,18b5a730-afc2-11eb-a2aa-82bbbca39401
jkcakcb@mail.com,Mojo,khlbafh
jkcakcb@mail.com,Mojo,allkgia
jkcakcb@mail.com,Mojo,ejkhgca
jkcakcb@mail.com,Mojo,gbkegki
