cahlcfk@yahoo.com,jlibjgc
hlileia@mail.kz,jfedbij
iebbjij@mail.kz,heeaghd
gdbleaj@mail.com,hdkckjf
kkabgbb@joveo.com,jalklcg
gahkllb@yahoo.com,fcfkfdi
aifbihj@aol.com,ehgahch
ddgkibb@yahoo.com,ibgkdbd
ggjhfdh@mail.kz,egfeelb
jkcakcb@mail.com,kfclabk
